Unit,Type,Value,Column,Row,x coordinate,y coordinate
Quận 4,x2 value,3.0,1,8,10.7528707,106.6950097
Quận 4,x2 value,6.0,6,8,10.7550862,106.6900213
Quận 4,x3 value,6.0,6,8,10.7550862,106.6900213
Quận 4,x2 value,6.0,7,8,10.7549049,106.6920479
Quận 4,x2 value,6.0,18,8,10.7575748,106.6938157
