Unit,Type,Value,Column,Row,x coordinate,y coordinate
Quận Phú Nhuận,x2 value,6.0,2,3,10.8094816,106.6719917
Quận Phú Nhuận,x2 value,6.0,3,3,10.8097417,106.673989
Quận Phú Nhuận,x2 value,3.0,5,3,10.7982149,106.6725274
Quận Phú Nhuận,x2 value,6.0,9,3,10.8091479,106.6726964
Quận Phú Nhuận,x2 value,6.0,16,3,10.7991771,106.6691873
Quận Phú Nhuận,x2 value,6.0,19,3,10.7999525,106.6685999
Quận Phú Nhuận,x3 value,3.0,19,3,10.7999525,106.6685999
