Unit,Type,Value,Column,Row,x coordinate,y coordinate
Huyện Hóc Môn,x2 value,4.0,6,3,10.9015945,106.5744053
Huyện Hóc Môn,x2 value,6.0,15,3,10.9108436,106.5686679
Huyện Hóc Môn,x3 value,6.0,15,3,10.9108436,106.5686679
Huyện Hóc Môn,x2 value,6.0,27,3,10.8895256,106.5694336
Huyện Hóc Môn,x3 value,6.0,27,3,10.8895256,106.5694336
Huyện Hóc Môn,x2 value,6.0,31,3,10.8704993,106.5634316
Huyện Hóc Môn,x3 value,6.0,31,3,10.8704993,106.5634316
