Unit,Type,Value,Column,Row,x coordinate,y coordinate
Quận Gò Vấp,x2 value,6.0,4,7,10.8416318,106.6344705
Quận Gò Vấp,x3 value,6.0,4,7,10.8416318,106.6344705
Quận Gò Vấp,x3 value,4.0,11,7,10.838523,106.6368009
Quận Gò Vấp,x2 value,4.0,18,7,10.843712,106.6357355
Quận Gò Vấp,x3 value,6.0,18,7,10.843712,106.6357355
Quận Gò Vấp,x3 value,6.0,40,7,10.8282808,106.6332635
Quận Gò Vấp,x3 value,6.0,46,7,10.8382799,106.6357043
Quận Gò Vấp,x3 value,6.0,67,7,10.8358301,106.635845
