Unit,Type,Value,Column,Row,x coordinate,y coordinate
Quận Bình Tân,x2 value,6.0,64,4,10.8155957,106.5825178
Quận Bình Tân,x3 value,6.0,64,4,10.8155957,106.5825178
Quận Bình Tân,x3 value,6.0,72,4,10.804952,106.5879298
Quận Bình Tân,x3 value,3.0,100,4,10.7639744,106.5793183
Quận Bình Tân,x3 value,6.0,117,4,10.8195727,106.5865133
Quận Bình Tân,x3 value,6.0,121,4,10.8024673,106.5829688
Quận Bình Tân,x3 value,6.0,138,4,10.7604482,106.5784568
Quận Bình Tân,x3 value,6.0,151,4,10.8186586,106.5856602
