Unit,Type,Value,Column,Row,x coordinate,y coordinate
Quận 11,x2 value,6.0,0,4,10.7673742,106.6435449
Quận 11,x2 value,6.0,3,4,10.7660019,106.6427647
Quận 11,x2 value,6.0,9,4,10.763596,106.6418318
Quận 11,x2 value,1.0,13,4,10.7665933,106.6434903
Quận 11,x2 value,6.0,15,4,10.7654687,106.6426321
Quận 11,x2 value,6.0,17,4,10.7548169,106.640303
Quận 11,x2 value,6.0,22,4,10.7716208,106.6412999
Quận 11,x3 value,5.0,22,4,10.7716208,106.6412999
