Unit,Type,Value,Column,Row,x coordinate,y coordinate
Quận 5,x2 value,6.0,5,3,10.7545639,106.6562754
Quận 5,x2 value,6.0,6,3,10.7562856,106.6564091
Quận 5,x2 value,6.0,8,3,10.7529853,106.6547702
Quận 5,x3 value,4.0,8,3,10.7529853,106.6547702
Quận 5,x2 value,2.0,17,3,10.7532842,106.6603784
Quận 5,x2 value,6.0,25,3,10.7583253,106.6616928
