Unit,Type,Value,Column,Row,x coordinate,y coordinate
Huyện Bình Chánh,x3 value,1.0,29,8,10.8051708,106.5657768
Huyện Bình Chánh,x3 value,6.0,36,8,10.7435986,106.5421959
Huyện Bình Chánh,x2 value,6.0,39,8,10.787695,106.517138
Huyện Bình Chánh,x3 value,6.0,39,8,10.787695,106.517138
Huyện Bình Chánh,x2 value,6.0,42,8,10.778148,106.5369576
Huyện Bình Chánh,x3 value,6.0,42,8,10.778148,106.5369576
Huyện Bình Chánh,x2 value,6.0,67,8,10.774938,106.543063
Huyện Bình Chánh,x3 value,6.0,67,8,10.774938,106.543063
Huyện Bình Chánh,x3 value,6.0,70,8,10.7448045,106.5396327
