Unit,Type,Value,Column,Row,x coordinate,y coordinate
Qu廕要 10,x3 value,1.0,3,9,10.766627,106.6593453
Qu廕要 10,x2 value,1.0,11,9,10.772603,106.657698
Qu廕要 10,x3 value,6.0,11,9,10.772603,106.657698
Qu廕要 10,x3 value,6.0,18,9,10.7819773,106.6626329
