Unit,Type,Value,Column,Row,x coordinate,y coordinate
Huyện Củ Chi,x2 value,6.0,2,2,11.009036,106.4178693
Huyện Củ Chi,x3 value,6.0,2,2,11.009036,106.4178693
Huyện Củ Chi,x2 value,6.0,10,2,11.0090534,106.4181286
Huyện Củ Chi,x3 value,6.0,10,2,11.0090534,106.4181286
Huyện Củ Chi,x2 value,5.0,18,2,11.0026284,106.4241525
Huyện Củ Chi,x2 value,6.0,59,2,11.1549818,106.4549448
Huyện Củ Chi,x3 value,1.0,59,2,11.1549818,106.4549448
Huyện Củ Chi,x2 value,6.0,75,2,10.9920425,106.3862789
Huyện Củ Chi,x3 value,6.0,75,2,10.9920425,106.3862789
