Unit,Type,Value,Column,Row,x coordinate,y coordinate
TP Thủ Đức,x3 value,6.0,84,1,10.7459617,106.6181662
TP Thủ Đức,x3 value,6.0,122,1,10.8877681,106.7231444
TP Thủ Đức,x3 value,6.0,124,1,10.8772594,106.7229542
TP Thủ Đức,x3 value,6.0,151,1,10.8427238,106.7093918
TP Thủ Đức,x3 value,6.0,152,1,10.8704375,106.7175625
TP Thủ Đức,x3 value,6.0,157,1,10.6987425,106.6093284
TP Thủ Đức,x3 value,4.0,176,1,10.8298985,106.7135588
